{
  "project_info": {
    "project_number": "697621470425",
    "project_id": "inst-proj-3362c",
    "storage_bucket": "inst-proj-3362c.firebasestorage.app"
  },
  "client": [
    {
      "client_info": {
        "mobilesdk_app_id": "1:697621470425:android:6765bf60f264818aa632c8",
        "android_client_info": {
          "package_name": "com.example.inst_project"
        }
      },
      "oauth_client": [
        {
          "client_id": "697621470425-hmnhqqk9oe9nqgdbfe8gl1lkus0blugt.apps.googleusercontent.com",
          "client_type": 3
        }
      ],
      "api_key": [
        {
          "current_key": "AIzaSyCrMZE4xyladZI5mKQAsAu1R4-GwGb1JNw"
        }
      ],
      "services": {
        "appinvite_service": {
          "other_platform_oauth_client": [
            {
              "client_id": "697621470425-hmnhqqk9oe9nqgdbfe8gl1lkus0blugt.apps.googleusercontent.com",
              "client_type": 3
            }
          ]
        }
      }
    }
  ],
  "configuration_version": "1"
}